session_id,year,event_name,event_date,session_type,sid
2018_2018-03-25_Australian_Grand_Prix_FP1,2018,2018-03-25 Australian Grand Prix,2018-03-23,Practice 1,FP1
2018_2018-03-25_Australian_Grand_Prix_FP2,2018,2018-03-25 Australian Grand Prix,2018-03-23,Practice 2,FP2
2018_2018-03-25_Australian_Grand_Prix_FP3,2018,2018-03-25 Australian Grand Prix,2018-03-24,Practice 3,FP3
2018_2018-03-25_Australian_Grand_Prix_Q,2018,2018-03-25 Australian Grand Prix,2018-03-24,Qualifying,Q
2018_2018-03-25_Australian_Grand_Prix_R,2018,2018-03-25 Australian Grand Prix,2018-03-25,Race,R
2018_2018-04-08_Bahrain_Grand_Prix_FP1,2018,2018-04-08 Bahrain Grand Prix,2018-04-06,Practice 1,FP1
2018_2018-04-08_Bahrain_Grand_Prix_FP2,2018,2018-04-08 Bahrain Grand Prix,2018-04-06,Practice 2,FP2
2018_2018-04-08_Bahrain_Grand_Prix_FP3,2018,2018-04-08 Bahrain Grand Prix,2018-04-07,Practice 3,FP3
2018_2018-04-08_Bahrain_Grand_Prix_Q,2018,2018-04-08 Bahrain Grand Prix,2018-04-07,Qualifying,Q
2018_2018-04-08_Bahrain_Grand_Prix_R,2018,2018-04-08 Bahrain Grand Prix,2018-04-08,Race,R
2018_2018-04-15_Chinese_Grand_Prix_FP1,2018,2018-04-15 Chinese Grand Prix,2018-04-13,Practice 1,FP1
2018_2018-04-15_Chinese_Grand_Prix_FP2,2018,2018-04-15 Chinese Grand Prix,2018-04-13,Practice 2,FP2
2018_2018-04-15_Chinese_Grand_Prix_FP3,2018,2018-04-15 Chinese Grand Prix,2018-04-14,Practice 3,FP3
2018_2018-04-15_Chinese_Grand_Prix_Q,2018,2018-04-15 Chinese Grand Prix,2018-04-14,Qualifying,Q
2018_2018-04-15_Chinese_Grand_Prix_R,2018,2018-04-15 Chinese Grand Prix,2018-04-15,Race,R
2018_2018-04-29_Azerbaijan_Grand_Prix_FP1,2018,2018-04-29 Azerbaijan Grand Prix,2018-04-27,Practice 1,FP1
2018_2018-04-29_Azerbaijan_Grand_Prix_FP2,2018,2018-04-29 Azerbaijan Grand Prix,2018-04-27,Practice 2,FP2
2018_2018-04-29_Azerbaijan_Grand_Prix_FP3,2018,2018-04-29 Azerbaijan Grand Prix,2018-04-28,Practice 3,FP3
2018_2018-04-29_Azerbaijan_Grand_Prix_Q,2018,2018-04-29 Azerbaijan Grand Prix,2018-04-28,Qualifying,Q
2018_2018-04-29_Azerbaijan_Grand_Prix_R,2018,2018-04-29 Azerbaijan Grand Prix,2018-04-29,Race,R
2018_2018-05-13_Spanish_Grand_Prix_FP1,2018,2018-05-13 Spanish Grand Prix,2018-05-11,Practice 1,FP1
2018_2018-05-13_Spanish_Grand_Prix_FP2,2018,2018-05-13 Spanish Grand Prix,2018-05-11,Practice 2,FP2
2018_2018-05-13_Spanish_Grand_Prix_FP3,2018,2018-05-13 Spanish Grand Prix,2018-05-12,Practice 3,FP3
2018_2018-05-13_Spanish_Grand_Prix_Q,2018,2018-05-13 Spanish Grand Prix,2018-05-12,Qualifying,Q
2018_2018-05-13_Spanish_Grand_Prix_R,2018,2018-05-13 Spanish Grand Prix,2018-05-13,Race,R
2018_2018-05-27_Monaco_Grand_Prix_FP1,2018,2018-05-27 Monaco Grand Prix,2018-05-24,Practice 1,FP1
2018_2018-05-27_Monaco_Grand_Prix_FP2,2018,2018-05-27 Monaco Grand Prix,2018-05-24,Practice 2,FP2
2018_2018-05-27_Monaco_Grand_Prix_FP3,2018,2018-05-27 Monaco Grand Prix,2018-05-26,Practice 3,FP3
2018_2018-05-27_Monaco_Grand_Prix_Q,2018,2018-05-27 Monaco Grand Prix,2018-05-26,Qualifying,Q
2018_2018-05-27_Monaco_Grand_Prix_R,2018,2018-05-27 Monaco Grand Prix,2018-05-27,Race,R
2018_2018-06-10_Canadian_Grand_Prix_FP1,2018,2018-06-10 Canadian Grand Prix,2018-06-08,Practice 1,FP1
2018_2018-06-10_Canadian_Grand_Prix_FP2,2018,2018-06-10 Canadian Grand Prix,2018-06-08,Practice 2,FP2
2018_2018-06-10_Canadian_Grand_Prix_FP3,2018,2018-06-10 Canadian Grand Prix,2018-06-09,Practice 3,FP3
2018_2018-06-10_Canadian_Grand_Prix_Q,2018,2018-06-10 Canadian Grand Prix,2018-06-09,Qualifying,Q
2018_2018-06-10_Canadian_Grand_Prix_R,2018,2018-06-10 Canadian Grand Prix,2018-06-10,Race,R
2018_2018-06-24_French_Grand_Prix_FP1,2018,2018-06-24 French Grand Prix,2018-06-22,Practice 1,FP1
2018_2018-06-24_French_Grand_Prix_FP2,2018,2018-06-24 French Grand Prix,2018-06-22,Practice 2,FP2
2018_2018-06-24_French_Grand_Prix_FP3,2018,2018-06-24 French Grand Prix,2018-06-23,Practice 3,FP3
2018_2018-06-24_French_Grand_Prix_Q,2018,2018-06-24 French Grand Prix,2018-06-23,Qualifying,Q
2018_2018-06-24_French_Grand_Prix_R,2018,2018-06-24 French Grand Prix,2018-06-24,Race,R
2018_2018-07-01_Austrian_Grand_Prix_FP1,2018,2018-07-01 Austrian Grand Prix,2018-06-29,Practice 1,FP1
2018_2018-07-01_Austrian_Grand_Prix_FP2,2018,2018-07-01 Austrian Grand Prix,2018-06-29,Practice 2,FP2
2018_2018-07-01_Austrian_Grand_Prix_FP3,2018,2018-07-01 Austrian Grand Prix,2018-06-30,Practice 3,FP3
2018_2018-07-01_Austrian_Grand_Prix_Q,2018,2018-07-01 Austrian Grand Prix,2018-06-30,Qualifying,Q
2018_2018-07-01_Austrian_Grand_Prix_R,2018,2018-07-01 Austrian Grand Prix,2018-07-01,Race,R
2018_2018-07-08_British_Grand_Prix_FP1,2018,2018-07-08 British Grand Prix,2018-07-06,Practice 1,FP1
2018_2018-07-08_British_Grand_Prix_FP2,2018,2018-07-08 British Grand Prix,2018-07-06,Practice 2,FP2
2018_2018-07-08_British_Grand_Prix_FP3,2018,2018-07-08 British Grand Prix,2018-07-07,Practice 3,FP3
2018_2018-07-08_British_Grand_Prix_Q,2018,2018-07-08 British Grand Prix,2018-07-07,Qualifying,Q
2018_2018-07-08_British_Grand_Prix_R,2018,2018-07-08 British Grand Prix,2018-07-08,Race,R
2018_2018-07-22_German_Grand_Prix_FP1,2018,2018-07-22 German Grand Prix,2018-07-20,Practice 1,FP1
2018_2018-07-22_German_Grand_Prix_FP2,2018,2018-07-22 German Grand Prix,2018-07-20,Practice 2,FP2
2018_2018-07-22_German_Grand_Prix_FP3,2018,2018-07-22 German Grand Prix,2018-07-21,Practice 3,FP3
2018_2018-07-22_German_Grand_Prix_Q,2018,2018-07-22 German Grand Prix,2018-07-21,Qualifying,Q
2018_2018-07-22_German_Grand_Prix_R,2018,2018-07-22 German Grand Prix,2018-07-22,Race,R
2018_2018-07-29_Hungarian_Grand_Prix_FP1,2018,2018-07-29 Hungarian Grand Prix,2018-07-27,Practice 1,FP1
2018_2018-07-29_Hungarian_Grand_Prix_FP2,2018,2018-07-29 Hungarian Grand Prix,2018-07-27,Practice 2,FP2
2018_2018-07-29_Hungarian_Grand_Prix_FP3,2018,2018-07-29 Hungarian Grand Prix,2018-07-28,Practice 3,FP3
2018_2018-07-29_Hungarian_Grand_Prix_Q,2018,2018-07-29 Hungarian Grand Prix,2018-07-28,Qualifying,Q
2022_2022-03-20_Bahrain_Grand_Prix_FP1,2022,2022-03-20 Bahrain Grand Prix,2022-03-18,Practice 1,FP1
2022_2022-03-20_Bahrain_Grand_Prix_FP2,2022,2022-03-20 Bahrain Grand Prix,2022-03-18,Practice 2,FP2
2022_2022-03-20_Bahrain_Grand_Prix_FP3,2022,2022-03-20 Bahrain Grand Prix,2022-03-19,Practice 3,FP3
2022_2022-03-20_Bahrain_Grand_Prix_Q,2022,2022-03-20 Bahrain Grand Prix,2022-03-19,Qualifying,Q
2022_2022-03-20_Bahrain_Grand_Prix_R,2022,2022-03-20 Bahrain Grand Prix,2022-03-20,Race,R
2022_2022-03-27_Saudi_Arabian_Grand_Prix_FP1,2022,2022-03-27 Saudi Arabian Grand Prix,2022-03-25,Practice 1,FP1
2022_2022-03-27_Saudi_Arabian_Grand_Prix_FP2,2022,2022-03-27 Saudi Arabian Grand Prix,2022-03-25,Practice 2,FP2
2022_2022-03-27_Saudi_Arabian_Grand_Prix_FP3,2022,2022-03-27 Saudi Arabian Grand Prix,2022-03-26,Practice 3,FP3
2022_2022-03-27_Saudi_Arabian_Grand_Prix_Q,2022,2022-03-27 Saudi Arabian Grand Prix,2022-03-26,Qualifying,Q
2022_2022-03-27_Saudi_Arabian_Grand_Prix_R,2022,2022-03-27 Saudi Arabian Grand Prix,2022-03-27,Race,R
2022_2022-04-10_Australian_Grand_Prix_FP1,2022,2022-04-10 Australian Grand Prix,2022-04-08,Practice 1,FP1
2022_2022-04-10_Australian_Grand_Prix_FP2,2022,2022-04-10 Australian Grand Prix,2022-04-08,Practice 2,FP2
2022_2022-04-10_Australian_Grand_Prix_FP3,2022,2022-04-10 Australian Grand Prix,2022-04-09,Practice 3,FP3
2022_2022-04-10_Australian_Grand_Prix_Q,2022,2022-04-10 Australian Grand Prix,2022-04-09,Qualifying,Q
2022_2022-04-10_Australian_Grand_Prix_R,2022,2022-04-10 Australian Grand Prix,2022-04-10,Race,R
2022_2022-04-24_Emilia_Romagna_Grand_Prix_FP1,2022,2022-04-24 Emilia Romagna Grand Prix,2022-04-22,Practice 1,FP1
2022_2022-04-24_Emilia_Romagna_Grand_Prix_Q,2022,2022-04-24 Emilia Romagna Grand Prix,2022-04-22,Qualifying,Q
2022_2022-04-24_Emilia_Romagna_Grand_Prix_FP2,2022,2022-04-24 Emilia Romagna Grand Prix,2022-04-23,Practice 2,FP2
2022_2022-04-24_Emilia_Romagna_Grand_Prix_S,2022,2022-04-24 Emilia Romagna Grand Prix,2022-04-23,Sprint,S
2022_2022-04-24_Emilia_Romagna_Grand_Prix_R,2022,2022-04-24 Emilia Romagna Grand Prix,2022-04-24,Race,R
2022_2022-05-08_Miami_Grand_Prix_FP1,2022,2022-05-08 Miami Grand Prix,2022-05-06,Practice 1,FP1
2022_2022-05-08_Miami_Grand_Prix_FP2,2022,2022-05-08 Miami Grand Prix,2022-05-06,Practice 2,FP2
2022_2022-05-08_Miami_Grand_Prix_FP3,2022,2022-05-08 Miami Grand Prix,2022-05-07,Practice 3,FP3
2022_2022-05-08_Miami_Grand_Prix_Q,2022,2022-05-08 Miami Grand Prix,2022-05-07,Qualifying,Q
2022_2022-05-08_Miami_Grand_Prix_R,2022,2022-05-08 Miami Grand Prix,2022-05-08,Race,R
2022_2022-05-22_Spanish_Grand_Prix_FP1,2022,2022-05-22 Spanish Grand Prix,2022-05-20,Practice 1,FP1
2022_2022-05-22_Spanish_Grand_Prix_FP2,2022,2022-05-22 Spanish Grand Prix,2022-05-20,Practice 2,FP2
2022_2022-05-22_Spanish_Grand_Prix_FP3,2022,2022-05-22 Spanish Grand Prix,2022-05-21,Practice 3,FP3
2022_2022-05-22_Spanish_Grand_Prix_Q,2022,2022-05-22 Spanish Grand Prix,2022-05-21,Qualifying,Q
2022_2022-05-22_Spanish_Grand_Prix_R,2022,2022-05-22 Spanish Grand Prix,2022-05-22,Race,R
2022_2022-05-29_Monaco_Grand_Prix_FP1,2022,2022-05-29 Monaco Grand Prix,2022-05-27,Practice 1,FP1
2022_2022-05-29_Monaco_Grand_Prix_FP2,2022,2022-05-29 Monaco Grand Prix,2022-05-27,Practice 2,FP2
2022_2022-05-29_Monaco_Grand_Prix_FP3,2022,2022-05-29 Monaco Grand Prix,2022-05-28,Practice 3,FP3
2022_2022-05-29_Monaco_Grand_Prix_Q,2022,2022-05-29 Monaco Grand Prix,2022-05-28,Qualifying,Q
2022_2022-05-29_Monaco_Grand_Prix_R,2022,2022-05-29 Monaco Grand Prix,2022-05-29,Race,R
2022_2022-06-12_Azerbaijan_Grand_Prix_FP1,2022,2022-06-12 Azerbaijan Grand Prix,2022-06-10,Practice 1,FP1
2022_2022-06-12_Azerbaijan_Grand_Prix_FP2,2022,2022-06-12 Azerbaijan Grand Prix,2022-06-10,Practice 2,FP2
2022_2022-06-12_Azerbaijan_Grand_Prix_FP3,2022,2022-06-12 Azerbaijan Grand Prix,2022-06-11,Practice 3,FP3
2022_2022-06-12_Azerbaijan_Grand_Prix_Q,2022,2022-06-12 Azerbaijan Grand Prix,2022-06-11,Qualifying,Q
2022_2022-06-12_Azerbaijan_Grand_Prix_R,2022,2022-06-12 Azerbaijan Grand Prix,2022-06-12,Race,R
2022_2022-06-19_Canadian_Grand_Prix_FP1,2022,2022-06-19 Canadian Grand Prix,2022-06-17,Practice 1,FP1
2022_2022-06-19_Canadian_Grand_Prix_FP2,2022,2022-06-19 Canadian Grand Prix,2022-06-17,Practice 2,FP2
2022_2022-06-19_Canadian_Grand_Prix_FP3,2022,2022-06-19 Canadian Grand Prix,2022-06-18,Practice 3,FP3
2022_2022-06-19_Canadian_Grand_Prix_Q,2022,2022-06-19 Canadian Grand Prix,2022-06-18,Qualifying,Q
2022_2022-06-19_Canadian_Grand_Prix_R,2022,2022-06-19 Canadian Grand Prix,2022-06-19,Race,R
2022_2022-07-03_British_Grand_Prix_FP1,2022,2022-07-03 British Grand Prix,2022-07-01,Practice 1,FP1
2022_2022-07-03_British_Grand_Prix_FP2,2022,2022-07-03 British Grand Prix,2022-07-01,Practice 2,FP2
2022_2022-07-03_British_Grand_Prix_FP3,2022,2022-07-03 British Grand Prix,2022-07-02,Practice 3,FP3
2022_2022-07-03_British_Grand_Prix_Q,2022,2022-07-03 British Grand Prix,2022-07-02,Qualifying,Q
2022_2022-07-03_British_Grand_Prix_R,2022,2022-07-03 British Grand Prix,2022-07-03,Race,R
2022_2022-07-10_Austrian_Grand_Prix_FP1,2022,2022-07-10 Austrian Grand Prix,2022-07-08,Practice 1,FP1
2022_2022-07-10_Austrian_Grand_Prix_Q,2022,2022-07-10 Austrian Grand Prix,2022-07-08,Qualifying,Q
2022_2022-07-10_Austrian_Grand_Prix_FP2,2022,2022-07-10 Austrian Grand Prix,2022-07-09,Practice 2,FP2
2022_2022-07-10_Austrian_Grand_Prix_S,2022,2022-07-10 Austrian Grand Prix,2022-07-09,Sprint,S
2022_2022-07-10_Austrian_Grand_Prix_R,2022,2022-07-10 Austrian Grand Prix,2022-07-10,Race,R
2022_2022-07-24_French_Grand_Prix_FP1,2022,2022-07-24 French Grand Prix,2022-07-22,Practice 1,FP1
2022_2022-07-24_French_Grand_Prix_FP2,2022,2022-07-24 French Grand Prix,2022-07-22,Practice 2,FP2
2022_2022-07-24_French_Grand_Prix_FP3,2022,2022-07-24 French Grand Prix,2022-07-23,Practice 3,FP3
2022_2022-07-24_French_Grand_Prix_Q,2022,2022-07-24 French Grand Prix,2022-07-23,Qualifying,Q
2022_2022-07-24_French_Grand_Prix_R,2022,2022-07-24 French Grand Prix,2022-07-24,Race,R
2022_2022-07-31_Hungarian_Grand_Prix_FP1,2022,2022-07-31 Hungarian Grand Prix,2022-07-29,Practice 1,FP1
2022_2022-07-31_Hungarian_Grand_Prix_FP2,2022,2022-07-31 Hungarian Grand Prix,2022-07-29,Practice 2,FP2
2022_2022-07-31_Hungarian_Grand_Prix_FP3,2022,2022-07-31 Hungarian Grand Prix,2022-07-30,Practice 3,FP3
2022_2022-07-31_Hungarian_Grand_Prix_Q,2022,2022-07-31 Hungarian Grand Prix,2022-07-30,Qualifying,Q
2022_2022-07-31_Hungarian_Grand_Prix_R,2022,2022-07-31 Hungarian Grand Prix,2022-07-31,Race,R
2022_2022-08-28_Belgian_Grand_Prix_FP1,2022,2022-08-28 Belgian Grand Prix,2022-08-26,Practice 1,FP1
2022_2022-08-28_Belgian_Grand_Prix_FP2,2022,2022-08-28 Belgian Grand Prix,2022-08-26,Practice 2,FP2
2022_2022-08-28_Belgian_Grand_Prix_FP3,2022,2022-08-28 Belgian Grand Prix,2022-08-27,Practice 3,FP3
2022_2022-08-28_Belgian_Grand_Prix_Q,2022,2022-08-28 Belgian Grand Prix,2022-08-27,Qualifying,Q
2022_2022-08-28_Belgian_Grand_Prix_R,2022,2022-08-28 Belgian Grand Prix,2022-08-28,Race,R
2022_2022-09-04_Dutch_Grand_Prix_FP1,2022,2022-09-04 Dutch Grand Prix,2022-09-02,Practice 1,FP1
2022_2022-09-04_Dutch_Grand_Prix_FP2,2022,2022-09-04 Dutch Grand Prix,2022-09-02,Practice 2,FP2
2022_2022-09-04_Dutch_Grand_Prix_FP3,2022,2022-09-04 Dutch Grand Prix,2022-09-03,Practice 3,FP3
2022_2022-09-04_Dutch_Grand_Prix_Q,2022,2022-09-04 Dutch Grand Prix,2022-09-03,Qualifying,Q
2022_2022-09-04_Dutch_Grand_Prix_R,2022,2022-09-04 Dutch Grand Prix,2022-09-04,Race,R
2022_2022-09-11_Italian_Grand_Prix_FP1,2022,2022-09-11 Italian Grand Prix,2022-09-09,Practice 1,FP1
2022_2022-09-11_Italian_Grand_Prix_FP2,2022,2022-09-11 Italian Grand Prix,2022-09-09,Practice 2,FP2
2022_2022-09-11_Italian_Grand_Prix_FP3,2022,2022-09-11 Italian Grand Prix,2022-09-10,Practice 3,FP3
2022_2022-09-11_Italian_Grand_Prix_Q,2022,2022-09-11 Italian Grand Prix,2022-09-10,Qualifying,Q
2022_2022-09-11_Italian_Grand_Prix_R,2022,2022-09-11 Italian Grand Prix,2022-09-11,Race,R
2022_2022-10-02_Singapore_Grand_Prix_FP1,2022,2022-10-02 Singapore Grand Prix,2022-09-30,Practice 1,FP1
2022_2022-10-02_Singapore_Grand_Prix_FP2,2022,2022-10-02 Singapore Grand Prix,2022-09-30,Practice 2,FP2
2022_2022-10-02_Singapore_Grand_Prix_FP3,2022,2022-10-02 Singapore Grand Prix,2022-10-01,Practice 3,FP3
2022_2022-10-02_Singapore_Grand_Prix_Q,2022,2022-10-02 Singapore Grand Prix,2022-10-01,Qualifying,Q
2022_2022-10-02_Singapore_Grand_Prix_R,2022,2022-10-02 Singapore Grand Prix,2022-10-02,Race,R
2022_2022-10-09_Japanese_Grand_Prix_FP1,2022,2022-10-09 Japanese Grand Prix,2022-10-07,Practice 1,FP1
2022_2022-10-09_Japanese_Grand_Prix_FP2,2022,2022-10-09 Japanese Grand Prix,2022-10-07,Practice 2,FP2
2022_2022-10-09_Japanese_Grand_Prix_FP3,2022,2022-10-09 Japanese Grand Prix,2022-10-08,Practice 3,FP3
2022_2022-10-09_Japanese_Grand_Prix_Q,2022,2022-10-09 Japanese Grand Prix,2022-10-08,Qualifying,Q
2022_2022-10-09_Japanese_Grand_Prix_R,2022,2022-10-09 Japanese Grand Prix,2022-10-09,Race,R
2022_2022-10-23_United_States_Grand_Prix_FP1,2022,2022-10-23 United States Grand Prix,2022-10-21,Practice 1,FP1
2022_2022-10-23_United_States_Grand_Prix_FP2,2022,2022-10-23 United States Grand Prix,2022-10-21,Practice 2,FP2
2022_2022-10-23_United_States_Grand_Prix_FP3,2022,2022-10-23 United States Grand Prix,2022-10-22,Practice 3,FP3
2022_2022-10-23_United_States_Grand_Prix_Q,2022,2022-10-23 United States Grand Prix,2022-10-22,Qualifying,Q
2022_2022-10-23_United_States_Grand_Prix_R,2022,2022-10-23 United States Grand Prix,2022-10-23,Race,R
2022_2022-10-30_Mexico_City_Grand_Prix_FP1,2022,2022-10-30 Mexico City Grand Prix,2022-10-28,Practice 1,FP1
2022_2022-10-30_Mexico_City_Grand_Prix_FP2,2022,2022-10-30 Mexico City Grand Prix,2022-10-28,Practice 2,FP2
2022_2022-10-30_Mexico_City_Grand_Prix_FP3,2022,2022-10-30 Mexico City Grand Prix,2022-10-29,Practice 3,FP3
2022_2022-10-30_Mexico_City_Grand_Prix_Q,2022,2022-10-30 Mexico City Grand Prix,2022-10-29,Qualifying,Q
2022_2022-10-30_Mexico_City_Grand_Prix_R,2022,2022-10-30 Mexico City Grand Prix,2022-10-30,Race,R
2022_2022-11-13_São_Paulo_Grand_Prix_FP1,2022,2022-11-13 São Paulo Grand Prix,2022-11-11,Practice 1,FP1
2022_2022-11-13_São_Paulo_Grand_Prix_Q,2022,2022-11-13 São Paulo Grand Prix,2022-11-11,Qualifying,Q
2022_2022-11-13_São_Paulo_Grand_Prix_FP2,2022,2022-11-13 São Paulo Grand Prix,2022-11-12,Practice 2,FP2
2022_2022-11-13_São_Paulo_Grand_Prix_S,2022,2022-11-13 São Paulo Grand Prix,2022-11-12,Sprint,S
2022_2022-11-13_São_Paulo_Grand_Prix_R,2022,2022-11-13 São Paulo Grand Prix,2022-11-13,Race,R
2022_2022-11-20_Abu_Dhabi_Grand_Prix_FP1,2022,2022-11-20 Abu Dhabi Grand Prix,2022-11-18,Practice 1,FP1
2022_2022-11-20_Abu_Dhabi_Grand_Prix_FP2,2022,2022-11-20 Abu Dhabi Grand Prix,2022-11-18,Practice 2,FP2
2022_2022-11-20_Abu_Dhabi_Grand_Prix_FP3,2022,2022-11-20 Abu Dhabi Grand Prix,2022-11-19,Practice 3,FP3
2022_2022-11-20_Abu_Dhabi_Grand_Prix_Q,2022,2022-11-20 Abu Dhabi Grand Prix,2022-11-19,Qualifying,Q
2022_2022-11-20_Abu_Dhabi_Grand_Prix_R,2022,2022-11-20 Abu Dhabi Grand Prix,2022-11-20,Race,R
2023_2023-03-05_Bahrain_Grand_Prix_FP1,2023,2023-03-05 Bahrain Grand Prix,2023-03-03,Practice 1,FP1
2023_2023-03-05_Bahrain_Grand_Prix_FP2,2023,2023-03-05 Bahrain Grand Prix,2023-03-03,Practice 2,FP2
2023_2023-03-05_Bahrain_Grand_Prix_FP3,2023,2023-03-05 Bahrain Grand Prix,2023-03-04,Practice 3,FP3
2023_2023-03-05_Bahrain_Grand_Prix_Q,2023,2023-03-05 Bahrain Grand Prix,2023-03-04,Qualifying,Q
2023_2023-03-05_Bahrain_Grand_Prix_R,2023,2023-03-05 Bahrain Grand Prix,2023-03-05,Race,R
2023_2023-03-19_Saudi_Arabian_Grand_Prix_FP1,2023,2023-03-19 Saudi Arabian Grand Prix,2023-03-17,Practice 1,FP1
2023_2023-03-19_Saudi_Arabian_Grand_Prix_FP2,2023,2023-03-19 Saudi Arabian Grand Prix,2023-03-17,Practice 2,FP2
2023_2023-03-19_Saudi_Arabian_Grand_Prix_FP3,2023,2023-03-19 Saudi Arabian Grand Prix,2023-03-18,Practice 3,FP3
2023_2023-03-19_Saudi_Arabian_Grand_Prix_Q,2023,2023-03-19 Saudi Arabian Grand Prix,2023-03-18,Qualifying,Q
2023_2023-03-19_Saudi_Arabian_Grand_Prix_R,2023,2023-03-19 Saudi Arabian Grand Prix,2023-03-19,Race,R
2023_2023-04-02_Australian_Grand_Prix_FP1,2023,2023-04-02 Australian Grand Prix,2023-03-31,Practice 1,FP1
2023_2023-04-02_Australian_Grand_Prix_FP2,2023,2023-04-02 Australian Grand Prix,2023-03-31,Practice 2,FP2
2023_2023-04-02_Australian_Grand_Prix_FP3,2023,2023-04-02 Australian Grand Prix,2023-04-01,Practice 3,FP3
2023_2023-04-02_Australian_Grand_Prix_Q,2023,2023-04-02 Australian Grand Prix,2023-04-01,Qualifying,Q
2023_2023-04-02_Australian_Grand_Prix_R,2023,2023-04-02 Australian Grand Prix,2023-04-02,Race,R
2023_2023-04-30_Azerbaijan_Grand_Prix_FP1,2023,2023-04-30 Azerbaijan Grand Prix,2023-04-28,Practice 1,FP1
2023_2023-04-30_Azerbaijan_Grand_Prix_Q,2023,2023-04-30 Azerbaijan Grand Prix,2023-04-28,Qualifying,Q
2023_2023-04-30_Azerbaijan_Grand_Prix_S,2023,2023-04-30 Azerbaijan Grand Prix,2023-04-29,Sprint,S
2023_2023-04-30_Azerbaijan_Grand_Prix_SS,2023,2023-04-30 Azerbaijan Grand Prix,2023-04-29,Sprint Shootout,SS
2023_2023-04-30_Azerbaijan_Grand_Prix_R,2023,2023-04-30 Azerbaijan Grand Prix,2023-04-30,Race,R
2023_2023-05-07_Miami_Grand_Prix_FP1,2023,2023-05-07 Miami Grand Prix,2023-05-05,Practice 1,FP1
2023_2023-05-07_Miami_Grand_Prix_FP2,2023,2023-05-07 Miami Grand Prix,2023-05-05,Practice 2,FP2
2023_2023-05-07_Miami_Grand_Prix_FP3,2023,2023-05-07 Miami Grand Prix,2023-05-06,Practice 3,FP3
2023_2023-05-07_Miami_Grand_Prix_Q,2023,2023-05-07 Miami Grand Prix,2023-05-06,Qualifying,Q
2023_2023-05-07_Miami_Grand_Prix_R,2023,2023-05-07 Miami Grand Prix,2023-05-07,Race,R
2023_2023-05-28_Monaco_Grand_Prix_FP1,2023,2023-05-28 Monaco Grand Prix,2023-05-26,Practice 1,FP1
2023_2023-05-28_Monaco_Grand_Prix_FP2,2023,2023-05-28 Monaco Grand Prix,2023-05-26,Practice 2,FP2
2023_2023-05-28_Monaco_Grand_Prix_FP3,2023,2023-05-28 Monaco Grand Prix,2023-05-27,Practice 3,FP3
2023_2023-05-28_Monaco_Grand_Prix_Q,2023,2023-05-28 Monaco Grand Prix,2023-05-27,Qualifying,Q
2023_2023-05-28_Monaco_Grand_Prix_R,2023,2023-05-28 Monaco Grand Prix,2023-05-28,Race,R
2023_2023-06-04_Spanish_Grand_Prix_FP1,2023,2023-06-04 Spanish Grand Prix,2023-06-02,Practice 1,FP1
2023_2023-06-04_Spanish_Grand_Prix_FP2,2023,2023-06-04 Spanish Grand Prix,2023-06-02,Practice 2,FP2
2023_2023-06-04_Spanish_Grand_Prix_FP3,2023,2023-06-04 Spanish Grand Prix,2023-06-03,Practice 3,FP3
2023_2023-06-04_Spanish_Grand_Prix_Q,2023,2023-06-04 Spanish Grand Prix,2023-06-03,Qualifying,Q
2023_2023-06-04_Spanish_Grand_Prix_R,2023,2023-06-04 Spanish Grand Prix,2023-06-04,Race,R
2023_2023-06-18_Canadian_Grand_Prix_FP1,2023,2023-06-18 Canadian Grand Prix,2023-06-16,Practice 1,FP1
2023_2023-06-18_Canadian_Grand_Prix_FP2,2023,2023-06-18 Canadian Grand Prix,2023-06-16,Practice 2,FP2
2023_2023-06-18_Canadian_Grand_Prix_FP3,2023,2023-06-18 Canadian Grand Prix,2023-06-17,Practice 3,FP3
2023_2023-06-18_Canadian_Grand_Prix_Q,2023,2023-06-18 Canadian Grand Prix,2023-06-17,Qualifying,Q
2023_2023-06-18_Canadian_Grand_Prix_R,2023,2023-06-18 Canadian Grand Prix,2023-06-18,Race,R
2023_2023-07-02_Austrian_Grand_Prix_FP1,2023,2023-07-02 Austrian Grand Prix,2023-06-30,Practice 1,FP1
2023_2023-07-02_Austrian_Grand_Prix_Q,2023,2023-07-02 Austrian Grand Prix,2023-06-30,Qualifying,Q
2023_2023-07-02_Austrian_Grand_Prix_S,2023,2023-07-02 Austrian Grand Prix,2023-07-01,Sprint,S
2023_2023-07-02_Austrian_Grand_Prix_SS,2023,2023-07-02 Austrian Grand Prix,2023-07-01,Sprint Shootout,SS
2023_2023-07-02_Austrian_Grand_Prix_R,2023,2023-07-02 Austrian Grand Prix,2023-07-02,Race,R
2023_2023-07-09_British_Grand_Prix_FP1,2023,2023-07-09 British Grand Prix,2023-07-07,Practice 1,FP1
2023_2023-07-09_British_Grand_Prix_FP2,2023,2023-07-09 British Grand Prix,2023-07-07,Practice 2,FP2
2023_2023-07-09_British_Grand_Prix_FP3,2023,2023-07-09 British Grand Prix,2023-07-08,Practice 3,FP3
2023_2023-07-09_British_Grand_Prix_Q,2023,2023-07-09 British Grand Prix,2023-07-08,Qualifying,Q
2023_2023-07-09_British_Grand_Prix_R,2023,2023-07-09 British Grand Prix,2023-07-09,Race,R
2023_2023-07-23_Hungarian_Grand_Prix_FP1,2023,2023-07-23 Hungarian Grand Prix,2023-07-21,Practice 1,FP1
2023_2023-07-23_Hungarian_Grand_Prix_FP2,2023,2023-07-23 Hungarian Grand Prix,2023-07-21,Practice 2,FP2
2023_2023-07-23_Hungarian_Grand_Prix_FP3,2023,2023-07-23 Hungarian Grand Prix,2023-07-22,Practice 3,FP3
2023_2023-07-23_Hungarian_Grand_Prix_Q,2023,2023-07-23 Hungarian Grand Prix,2023-07-22,Qualifying,Q
2023_2023-07-23_Hungarian_Grand_Prix_R,2023,2023-07-23 Hungarian Grand Prix,2023-07-23,Race,R
2023_2023-07-30_Belgian_Grand_Prix_FP1,2023,2023-07-30 Belgian Grand Prix,2023-07-28,Practice 1,FP1
2023_2023-07-30_Belgian_Grand_Prix_Q,2023,2023-07-30 Belgian Grand Prix,2023-07-28,Qualifying,Q
2023_2023-07-30_Belgian_Grand_Prix_S,2023,2023-07-30 Belgian Grand Prix,2023-07-29,Sprint,S
2023_2023-07-30_Belgian_Grand_Prix_SS,2023,2023-07-30 Belgian Grand Prix,2023-07-29,Sprint Shootout,SS
2023_2023-07-30_Belgian_Grand_Prix_R,2023,2023-07-30 Belgian Grand Prix,2023-07-30,Race,R
2023_2023-08-27_Dutch_Grand_Prix_FP1,2023,2023-08-27 Dutch Grand Prix,2023-08-25,Practice 1,FP1
2023_2023-08-27_Dutch_Grand_Prix_FP2,2023,2023-08-27 Dutch Grand Prix,2023-08-25,Practice 2,FP2
2023_2023-08-27_Dutch_Grand_Prix_FP3,2023,2023-08-27 Dutch Grand Prix,2023-08-26,Practice 3,FP3
2023_2023-08-27_Dutch_Grand_Prix_Q,2023,2023-08-27 Dutch Grand Prix,2023-08-26,Qualifying,Q
2023_2023-08-27_Dutch_Grand_Prix_R,2023,2023-08-27 Dutch Grand Prix,2023-08-27,Race,R
2023_2023-09-03_Italian_Grand_Prix_FP1,2023,2023-09-03 Italian Grand Prix,2023-09-01,Practice 1,FP1
2023_2023-09-03_Italian_Grand_Prix_FP2,2023,2023-09-03 Italian Grand Prix,2023-09-01,Practice 2,FP2
2023_2023-09-03_Italian_Grand_Prix_FP3,2023,2023-09-03 Italian Grand Prix,2023-09-02,Practice 3,FP3
2023_2023-09-03_Italian_Grand_Prix_Q,2023,2023-09-03 Italian Grand Prix,2023-09-02,Qualifying,Q
2023_2023-09-03_Italian_Grand_Prix_R,2023,2023-09-03 Italian Grand Prix,2023-09-03,Race,R
2023_2023-09-17_Singapore_Grand_Prix_FP1,2023,2023-09-17 Singapore Grand Prix,2023-09-15,Practice 1,FP1
2023_2023-09-17_Singapore_Grand_Prix_FP2,2023,2023-09-17 Singapore Grand Prix,2023-09-15,Practice 2,FP2
2023_2023-09-17_Singapore_Grand_Prix_FP3,2023,2023-09-17 Singapore Grand Prix,2023-09-16,Practice 3,FP3
2023_2023-09-17_Singapore_Grand_Prix_Q,2023,2023-09-17 Singapore Grand Prix,2023-09-16,Qualifying,Q
2023_2023-09-17_Singapore_Grand_Prix_R,2023,2023-09-17 Singapore Grand Prix,2023-09-17,Race,R
2023_2023-09-24_Japanese_Grand_Prix_FP1,2023,2023-09-24 Japanese Grand Prix,2023-09-22,Practice 1,FP1
2023_2023-09-24_Japanese_Grand_Prix_FP2,2023,2023-09-24 Japanese Grand Prix,2023-09-22,Practice 2,FP2
2023_2023-09-24_Japanese_Grand_Prix_FP3,2023,2023-09-24 Japanese Grand Prix,2023-09-23,Practice 3,FP3
2023_2023-09-24_Japanese_Grand_Prix_Q,2023,2023-09-24 Japanese Grand Prix,2023-09-23,Qualifying,Q
2023_2023-09-24_Japanese_Grand_Prix_R,2023,2023-09-24 Japanese Grand Prix,2023-09-24,Race,R
2023_2023-10-08_Qatar_Grand_Prix_FP1,2023,2023-10-08 Qatar Grand Prix,2023-10-06,Practice 1,FP1
2023_2023-10-08_Qatar_Grand_Prix_Q,2023,2023-10-08 Qatar Grand Prix,2023-10-06,Qualifying,Q
2023_2023-10-08_Qatar_Grand_Prix_S,2023,2023-10-08 Qatar Grand Prix,2023-10-07,Sprint,S
2023_2023-10-08_Qatar_Grand_Prix_SS,2023,2023-10-08 Qatar Grand Prix,2023-10-07,Sprint Shootout,SS
2023_2023-10-08_Qatar_Grand_Prix_R,2023,2023-10-08 Qatar Grand Prix,2023-10-08,Race,R
2023_2023-10-22_United_States_Grand_Prix_FP1,2023,2023-10-22 United States Grand Prix,2023-10-20,Practice 1,FP1
2023_2023-10-22_United_States_Grand_Prix_Q,2023,2023-10-22 United States Grand Prix,2023-10-20,Qualifying,Q
2023_2023-10-22_United_States_Grand_Prix_S,2023,2023-10-22 United States Grand Prix,2023-10-21,Sprint,S
2023_2023-10-22_United_States_Grand_Prix_SS,2023,2023-10-22 United States Grand Prix,2023-10-21,Sprint Shootout,SS
2023_2023-10-22_United_States_Grand_Prix_R,2023,2023-10-22 United States Grand Prix,2023-10-22,Race,R
2023_2023-10-29_Mexico_City_Grand_Prix_FP1,2023,2023-10-29 Mexico City Grand Prix,2023-10-27,Practice 1,FP1
2023_2023-10-29_Mexico_City_Grand_Prix_FP2,2023,2023-10-29 Mexico City Grand Prix,2023-10-27,Practice 2,FP2
2023_2023-10-29_Mexico_City_Grand_Prix_FP3,2023,2023-10-29 Mexico City Grand Prix,2023-10-28,Practice 3,FP3
2023_2023-10-29_Mexico_City_Grand_Prix_Q,2023,2023-10-29 Mexico City Grand Prix,2023-10-28,Qualifying,Q
2023_2023-10-29_Mexico_City_Grand_Prix_R,2023,2023-10-29 Mexico City Grand Prix,2023-10-29,Race,R
2023_2023-11-05_São_Paulo_Grand_Prix_FP1,2023,2023-11-05 São Paulo Grand Prix,2023-11-03,Practice 1,FP1
2023_2023-11-05_São_Paulo_Grand_Prix_Q,2023,2023-11-05 São Paulo Grand Prix,2023-11-03,Qualifying,Q
2023_2023-11-05_São_Paulo_Grand_Prix_S,2023,2023-11-05 São Paulo Grand Prix,2023-11-04,Sprint,S
2023_2023-11-05_São_Paulo_Grand_Prix_SS,2023,2023-11-05 São Paulo Grand Prix,2023-11-04,Sprint Shootout,SS
2023_2023-11-05_São_Paulo_Grand_Prix_R,2023,2023-11-05 São Paulo Grand Prix,2023-11-05,Race,R
2023_2023-11-18_Las_Vegas_Grand_Prix_FP1,2023,2023-11-18 Las Vegas Grand Prix,2023-11-16,Practice 1,FP1
2023_2023-11-18_Las_Vegas_Grand_Prix_FP2,2023,2023-11-18 Las Vegas Grand Prix,2023-11-17,Practice 2,FP2
2023_2023-11-18_Las_Vegas_Grand_Prix_FP3,2023,2023-11-18 Las Vegas Grand Prix,2023-11-17,Practice 3,FP3
2023_2023-11-18_Las_Vegas_Grand_Prix_Q,2023,2023-11-18 Las Vegas Grand Prix,2023-11-18,Qualifying,Q
2023_2023-11-18_Las_Vegas_Grand_Prix_R,2023,2023-11-18 Las Vegas Grand Prix,2023-11-18,Race,R
2023_2023-11-26_Abu_Dhabi_Grand_Prix_FP1,2023,2023-11-26 Abu Dhabi Grand Prix,2023-11-24,Practice 1,FP1
2023_2023-11-26_Abu_Dhabi_Grand_Prix_FP2,2023,2023-11-26 Abu Dhabi Grand Prix,2023-11-24,Practice 2,FP2
2023_2023-11-26_Abu_Dhabi_Grand_Prix_FP3,2023,2023-11-26 Abu Dhabi Grand Prix,2023-11-25,Practice 3,FP3
2023_2023-11-26_Abu_Dhabi_Grand_Prix_Q,2023,2023-11-26 Abu Dhabi Grand Prix,2023-11-25,Qualifying,Q
2023_2023-11-26_Abu_Dhabi_Grand_Prix_R,2023,2023-11-26 Abu Dhabi Grand Prix,2023-11-26,Race,R
2024_2024-03-02_Bahrain_Grand_Prix_FP1,2024,2024-03-02 Bahrain Grand Prix,2024-02-29,Practice 1,FP1
2024_2024-03-02_Bahrain_Grand_Prix_FP2,2024,2024-03-02 Bahrain Grand Prix,2024-02-29,Practice 2,FP2
2024_2024-03-02_Bahrain_Grand_Prix_FP3,2024,2024-03-02 Bahrain Grand Prix,2024-03-01,Practice 3,FP3
2024_2024-03-02_Bahrain_Grand_Prix_Q,2024,2024-03-02 Bahrain Grand Prix,2024-03-01,Qualifying,Q
2024_2024-03-02_Bahrain_Grand_Prix_R,2024,2024-03-02 Bahrain Grand Prix,2024-03-02,Race,R
2024_2024-03-09_Saudi_Arabian_Grand_Prix_FP1,2024,2024-03-09 Saudi Arabian Grand Prix,2024-03-07,Practice 1,FP1
2024_2024-03-09_Saudi_Arabian_Grand_Prix_FP2,2024,2024-03-09 Saudi Arabian Grand Prix,2024-03-07,Practice 2,FP2
2024_2024-03-09_Saudi_Arabian_Grand_Prix_FP3,2024,2024-03-09 Saudi Arabian Grand Prix,2024-03-08,Practice 3,FP3
2024_2024-03-09_Saudi_Arabian_Grand_Prix_Q,2024,2024-03-09 Saudi Arabian Grand Prix,2024-03-08,Qualifying,Q
2024_2024-03-09_Saudi_Arabian_Grand_Prix_R,2024,2024-03-09 Saudi Arabian Grand Prix,2024-03-09,Race,R
2024_2024-03-24_Australian_Grand_Prix_FP1,2024,2024-03-24 Australian Grand Prix,2024-03-22,Practice 1,FP1
2024_2024-03-24_Australian_Grand_Prix_FP2,2024,2024-03-24 Australian Grand Prix,2024-03-22,Practice 2,FP2
2024_2024-03-24_Australian_Grand_Prix_FP3,2024,2024-03-24 Australian Grand Prix,2024-03-23,Practice 3,FP3
2024_2024-03-24_Australian_Grand_Prix_Q,2024,2024-03-24 Australian Grand Prix,2024-03-23,Qualifying,Q
2024_2024-03-24_Australian_Grand_Prix_R,2024,2024-03-24 Australian Grand Prix,2024-03-24,Race,R
2024_2024-04-07_Japanese_Grand_Prix_FP1,2024,2024-04-07 Japanese Grand Prix,2024-04-05,Practice 1,FP1
2024_2024-04-07_Japanese_Grand_Prix_FP2,2024,2024-04-07 Japanese Grand Prix,2024-04-05,Practice 2,FP2
2024_2024-04-07_Japanese_Grand_Prix_FP3,2024,2024-04-07 Japanese Grand Prix,2024-04-06,Practice 3,FP3
2024_2024-04-07_Japanese_Grand_Prix_Q,2024,2024-04-07 Japanese Grand Prix,2024-04-06,Qualifying,Q
2024_2024-04-07_Japanese_Grand_Prix_R,2024,2024-04-07 Japanese Grand Prix,2024-04-07,Race,R
2024_2024-04-21_Chinese_Grand_Prix_FP1,2024,2024-04-21 Chinese Grand Prix,2024-04-19,Practice 1,FP1
2024_2024-04-21_Chinese_Grand_Prix_SQ,2024,2024-04-21 Chinese Grand Prix,2024-04-19,Sprint Qualifying,SQ
2024_2024-04-21_Chinese_Grand_Prix_Q,2024,2024-04-21 Chinese Grand Prix,2024-04-20,Qualifying,Q
2024_2024-04-21_Chinese_Grand_Prix_S,2024,2024-04-21 Chinese Grand Prix,2024-04-20,Sprint,S
2024_2024-04-21_Chinese_Grand_Prix_R,2024,2024-04-21 Chinese Grand Prix,2024-04-21,Race,R
2024_2024-05-05_Miami_Grand_Prix_FP1,2024,2024-05-05 Miami Grand Prix,2024-05-03,Practice 1,FP1
2024_2024-05-05_Miami_Grand_Prix_SQ,2024,2024-05-05 Miami Grand Prix,2024-05-03,Sprint Qualifying,SQ
2024_2024-05-05_Miami_Grand_Prix_Q,2024,2024-05-05 Miami Grand Prix,2024-05-04,Qualifying,Q
2024_2024-05-05_Miami_Grand_Prix_S,2024,2024-05-05 Miami Grand Prix,2024-05-04,Sprint,S
2024_2024-05-05_Miami_Grand_Prix_R,2024,2024-05-05 Miami Grand Prix,2024-05-05,Race,R
2024_2024-05-19_Emilia_Romagna_Grand_Prix_FP1,2024,2024-05-19 Emilia Romagna Grand Prix,2024-05-17,Practice 1,FP1
2024_2024-05-19_Emilia_Romagna_Grand_Prix_FP2,2024,2024-05-19 Emilia Romagna Grand Prix,2024-05-17,Practice 2,FP2
2024_2024-05-19_Emilia_Romagna_Grand_Prix_FP3,2024,2024-05-19 Emilia Romagna Grand Prix,2024-05-18,Practice 3,FP3
2024_2024-05-19_Emilia_Romagna_Grand_Prix_Q,2024,2024-05-19 Emilia Romagna Grand Prix,2024-05-18,Qualifying,Q
2024_2024-05-19_Emilia_Romagna_Grand_Prix_R,2024,2024-05-19 Emilia Romagna Grand Prix,2024-05-19,Race,R
2024_2024-05-26_Monaco_Grand_Prix_FP1,2024,2024-05-26 Monaco Grand Prix,2024-05-24,Practice 1,FP1
2024_2024-05-26_Monaco_Grand_Prix_FP2,2024,2024-05-26 Monaco Grand Prix,2024-05-24,Practice 2,FP2
2024_2024-05-26_Monaco_Grand_Prix_FP3,2024,2024-05-26 Monaco Grand Prix,2024-05-25,Practice 3,FP3
2024_2024-05-26_Monaco_Grand_Prix_Q,2024,2024-05-26 Monaco Grand Prix,2024-05-25,Qualifying,Q
2024_2024-05-26_Monaco_Grand_Prix_R,2024,2024-05-26 Monaco Grand Prix,2024-05-26,Race,R
2024_2024-06-09_Canadian_Grand_Prix_FP1,2024,2024-06-09 Canadian Grand Prix,2024-06-07,Practice 1,FP1
2024_2024-06-09_Canadian_Grand_Prix_FP2,2024,2024-06-09 Canadian Grand Prix,2024-06-07,Practice 2,FP2
2024_2024-06-09_Canadian_Grand_Prix_FP3,2024,2024-06-09 Canadian Grand Prix,2024-06-08,Practice 3,FP3
2024_2024-06-09_Canadian_Grand_Prix_Q,2024,2024-06-09 Canadian Grand Prix,2024-06-08,Qualifying,Q
2024_2024-06-09_Canadian_Grand_Prix_R,2024,2024-06-09 Canadian Grand Prix,2024-06-09,Race,R
2024_2024-06-23_Spanish_Grand_Prix_FP1,2024,2024-06-23 Spanish Grand Prix,2024-06-21,Practice 1,FP1
2024_2024-06-23_Spanish_Grand_Prix_FP2,2024,2024-06-23 Spanish Grand Prix,2024-06-21,Practice 2,FP2
2024_2024-06-23_Spanish_Grand_Prix_FP3,2024,2024-06-23 Spanish Grand Prix,2024-06-22,Practice 3,FP3
2024_2024-06-23_Spanish_Grand_Prix_Q,2024,2024-06-23 Spanish Grand Prix,2024-06-22,Qualifying,Q
2024_2024-06-23_Spanish_Grand_Prix_R,2024,2024-06-23 Spanish Grand Prix,2024-06-23,Race,R
2024_2024-06-30_Austrian_Grand_Prix_FP1,2024,2024-06-30 Austrian Grand Prix,2024-06-28,Practice 1,FP1
2024_2024-06-30_Austrian_Grand_Prix_SQ,2024,2024-06-30 Austrian Grand Prix,2024-06-28,Sprint Qualifying,SQ
2024_2024-06-30_Austrian_Grand_Prix_Q,2024,2024-06-30 Austrian Grand Prix,2024-06-29,Qualifying,Q
2024_2024-06-30_Austrian_Grand_Prix_S,2024,2024-06-30 Austrian Grand Prix,2024-06-29,Sprint,S
2024_2024-06-30_Austrian_Grand_Prix_R,2024,2024-06-30 Austrian Grand Prix,2024-06-30,Race,R
2024_2024-07-07_British_Grand_Prix_FP1,2024,2024-07-07 British Grand Prix,2024-07-05,Practice 1,FP1
2024_2024-07-07_British_Grand_Prix_FP2,2024,2024-07-07 British Grand Prix,2024-07-05,Practice 2,FP2
2024_2024-07-07_British_Grand_Prix_FP3,2024,2024-07-07 British Grand Prix,2024-07-06,Practice 3,FP3
2024_2024-07-07_British_Grand_Prix_Q,2024,2024-07-07 British Grand Prix,2024-07-06,Qualifying,Q
2024_2024-07-07_British_Grand_Prix_R,2024,2024-07-07 British Grand Prix,2024-07-07,Race,R
2024_2024-07-21_Hungarian_Grand_Prix_FP1,2024,2024-07-21 Hungarian Grand Prix,2024-07-19,Practice 1,FP1
2024_2024-07-21_Hungarian_Grand_Prix_FP2,2024,2024-07-21 Hungarian Grand Prix,2024-07-19,Practice 2,FP2
2024_2024-07-21_Hungarian_Grand_Prix_FP3,2024,2024-07-21 Hungarian Grand Prix,2024-07-20,Practice 3,FP3
2024_2024-07-21_Hungarian_Grand_Prix_Q,2024,2024-07-21 Hungarian Grand Prix,2024-07-20,Qualifying,Q
2024_2024-07-21_Hungarian_Grand_Prix_R,2024,2024-07-21 Hungarian Grand Prix,2024-07-21,Race,R
2024_2024-07-28_Belgian_Grand_Prix_FP1,2024,2024-07-28 Belgian Grand Prix,2024-07-26,Practice 1,FP1
2024_2024-07-28_Belgian_Grand_Prix_FP2,2024,2024-07-28 Belgian Grand Prix,2024-07-26,Practice 2,FP2
2024_2024-07-28_Belgian_Grand_Prix_FP3,2024,2024-07-28 Belgian Grand Prix,2024-07-27,Practice 3,FP3
2024_2024-07-28_Belgian_Grand_Prix_Q,2024,2024-07-28 Belgian Grand Prix,2024-07-27,Qualifying,Q
2024_2024-07-28_Belgian_Grand_Prix_R,2024,2024-07-28 Belgian Grand Prix,2024-07-28,Race,R
2024_2024-08-25_Dutch_Grand_Prix_FP1,2024,2024-08-25 Dutch Grand Prix,2024-08-23,Practice 1,FP1
2024_2024-08-25_Dutch_Grand_Prix_FP2,2024,2024-08-25 Dutch Grand Prix,2024-08-23,Practice 2,FP2
2024_2024-08-25_Dutch_Grand_Prix_FP3,2024,2024-08-25 Dutch Grand Prix,2024-08-24,Practice 3,FP3
2024_2024-08-25_Dutch_Grand_Prix_Q,2024,2024-08-25 Dutch Grand Prix,2024-08-24,Qualifying,Q
2024_2024-08-25_Dutch_Grand_Prix_R,2024,2024-08-25 Dutch Grand Prix,2024-08-25,Race,R
2024_2024-09-01_Italian_Grand_Prix_FP1,2024,2024-09-01 Italian Grand Prix,2024-08-30,Practice 1,FP1
2024_2024-09-01_Italian_Grand_Prix_FP2,2024,2024-09-01 Italian Grand Prix,2024-08-30,Practice 2,FP2
2024_2024-09-01_Italian_Grand_Prix_FP3,2024,2024-09-01 Italian Grand Prix,2024-08-31,Practice 3,FP3
2024_2024-09-01_Italian_Grand_Prix_Q,2024,2024-09-01 Italian Grand Prix,2024-08-31,Qualifying,Q
2024_2024-09-01_Italian_Grand_Prix_R,2024,2024-09-01 Italian Grand Prix,2024-09-01,Race,R
2024_2024-09-15_Azerbaijan_Grand_Prix_FP1,2024,2024-09-15 Azerbaijan Grand Prix,2024-09-13,Practice 1,FP1
2024_2024-09-15_Azerbaijan_Grand_Prix_FP2,2024,2024-09-15 Azerbaijan Grand Prix,2024-09-13,Practice 2,FP2
2024_2024-09-15_Azerbaijan_Grand_Prix_FP3,2024,2024-09-15 Azerbaijan Grand Prix,2024-09-14,Practice 3,FP3
2024_2024-09-15_Azerbaijan_Grand_Prix_Q,2024,2024-09-15 Azerbaijan Grand Prix,2024-09-14,Qualifying,Q
2024_2024-09-15_Azerbaijan_Grand_Prix_R,2024,2024-09-15 Azerbaijan Grand Prix,2024-09-15,Race,R
2024_2024-09-22_Singapore_Grand_Prix_FP1,2024,2024-09-22 Singapore Grand Prix,2024-09-20,Practice 1,FP1
2024_2024-09-22_Singapore_Grand_Prix_FP2,2024,2024-09-22 Singapore Grand Prix,2024-09-20,Practice 2,FP2
2024_2024-09-22_Singapore_Grand_Prix_FP3,2024,2024-09-22 Singapore Grand Prix,2024-09-21,Practice 3,FP3
2024_2024-09-22_Singapore_Grand_Prix_Q,2024,2024-09-22 Singapore Grand Prix,2024-09-21,Qualifying,Q
2024_2024-09-22_Singapore_Grand_Prix_R,2024,2024-09-22 Singapore Grand Prix,2024-09-22,Race,R
2024_2024-10-20_United_States_Grand_Prix_FP1,2024,2024-10-20 United States Grand Prix,2024-10-18,Practice 1,FP1
2024_2024-10-20_United_States_Grand_Prix_SQ,2024,2024-10-20 United States Grand Prix,2024-10-18,Sprint Qualifying,SQ
2024_2024-10-20_United_States_Grand_Prix_Q,2024,2024-10-20 United States Grand Prix,2024-10-19,Qualifying,Q
2024_2024-10-20_United_States_Grand_Prix_S,2024,2024-10-20 United States Grand Prix,2024-10-19,Sprint,S
2024_2024-10-20_United_States_Grand_Prix_R,2024,2024-10-20 United States Grand Prix,2024-10-20,Race,R
2024_2024-10-27_Mexico_City_Grand_Prix_FP1,2024,2024-10-27 Mexico City Grand Prix,2024-10-25,Practice 1,FP1
2024_2024-10-27_Mexico_City_Grand_Prix_FP2,2024,2024-10-27 Mexico City Grand Prix,2024-10-25,Practice 2,FP2
2024_2024-10-27_Mexico_City_Grand_Prix_FP3,2024,2024-10-27 Mexico City Grand Prix,2024-10-26,Practice 3,FP3
2024_2024-10-27_Mexico_City_Grand_Prix_Q,2024,2024-10-27 Mexico City Grand Prix,2024-10-26,Qualifying,Q
2024_2024-10-27_Mexico_City_Grand_Prix_R,2024,2024-10-27 Mexico City Grand Prix,2024-10-27,Race,R
2024_2024-11-03_São_Paulo_Grand_Prix_FP1,2024,2024-11-03 São Paulo Grand Prix,2024-11-01,Practice 1,FP1
2024_2024-11-03_São_Paulo_Grand_Prix_SQ,2024,2024-11-03 São Paulo Grand Prix,2024-11-01,Sprint Qualifying,SQ
2024_2024-11-03_São_Paulo_Grand_Prix_Q,2024,2024-11-03 São Paulo Grand Prix,2024-11-02,Qualifying,Q
2024_2024-11-03_São_Paulo_Grand_Prix_S,2024,2024-11-03 São Paulo Grand Prix,2024-11-02,Sprint,S
2024_2024-11-03_São_Paulo_Grand_Prix_R,2024,2024-11-03 São Paulo Grand Prix,2024-11-03,Race,R
2024_2024-11-23_Las_Vegas_Grand_Prix_FP1,2024,2024-11-23 Las Vegas Grand Prix,2024-11-21,Practice 1,FP1
2024_2024-11-23_Las_Vegas_Grand_Prix_FP2,2024,2024-11-23 Las Vegas Grand Prix,2024-11-21,Practice 2,FP2
2024_2024-11-23_Las_Vegas_Grand_Prix_FP3,2024,2024-11-23 Las Vegas Grand Prix,2024-11-22,Practice 3,FP3
2024_2024-11-23_Las_Vegas_Grand_Prix_Q,2024,2024-11-23 Las Vegas Grand Prix,2024-11-22,Qualifying,Q
2024_2024-11-23_Las_Vegas_Grand_Prix_R,2024,2024-11-23 Las Vegas Grand Prix,2024-11-23,Race,R
2024_2024-12-01_Qatar_Grand_Prix_FP1,2024,2024-12-01 Qatar Grand Prix,2024-11-29,Practice 1,FP1
2024_2024-12-01_Qatar_Grand_Prix_SQ,2024,2024-12-01 Qatar Grand Prix,2024-11-29,Sprint Qualifying,SQ
2024_2024-12-01_Qatar_Grand_Prix_Q,2024,2024-12-01 Qatar Grand Prix,2024-11-30,Qualifying,Q
2024_2024-12-01_Qatar_Grand_Prix_S,2024,2024-12-01 Qatar Grand Prix,2024-11-30,Sprint,S
2024_2024-12-01_Qatar_Grand_Prix_R,2024,2024-12-01 Qatar Grand Prix,2024-12-01,Race,R
2024_2024-12-08_Abu_Dhabi_Grand_Prix_FP1,2024,2024-12-08 Abu Dhabi Grand Prix,2024-12-06,Practice 1,FP1
2024_2024-12-08_Abu_Dhabi_Grand_Prix_FP2,2024,2024-12-08 Abu Dhabi Grand Prix,2024-12-06,Practice 2,FP2
2024_2024-12-08_Abu_Dhabi_Grand_Prix_FP3,2024,2024-12-08 Abu Dhabi Grand Prix,2024-12-07,Practice 3,FP3
2024_2024-12-08_Abu_Dhabi_Grand_Prix_Q,2024,2024-12-08 Abu Dhabi Grand Prix,2024-12-07,Qualifying,Q
2024_2024-12-08_Abu_Dhabi_Grand_Prix_R,2024,2024-12-08 Abu Dhabi Grand Prix,2024-12-08,Race,R
2025_2025-03-16_Australian_Grand_Prix_FP1,2025,2025-03-16 Australian Grand Prix,2025-03-14,Practice 1,FP1
2025_2025-03-16_Australian_Grand_Prix_FP2,2025,2025-03-16 Australian Grand Prix,2025-03-14,Practice 2,FP2
2025_2025-03-16_Australian_Grand_Prix_FP3,2025,2025-03-16 Australian Grand Prix,2025-03-15,Practice 3,FP3
2025_2025-03-16_Australian_Grand_Prix_Q,2025,2025-03-16 Australian Grand Prix,2025-03-15,Qualifying,Q
2025_2025-03-16_Australian_Grand_Prix_R,2025,2025-03-16 Australian Grand Prix,2025-03-16,Race,R
2025_2025-03-23_Chinese_Grand_Prix_FP1,2025,2025-03-23 Chinese Grand Prix,2025-03-21,Practice 1,FP1
2025_2025-03-23_Chinese_Grand_Prix_SQ,2025,2025-03-23 Chinese Grand Prix,2025-03-21,Sprint Qualifying,SQ
2025_2025-03-23_Chinese_Grand_Prix_Q,2025,2025-03-23 Chinese Grand Prix,2025-03-22,Qualifying,Q
2025_2025-03-23_Chinese_Grand_Prix_S,2025,2025-03-23 Chinese Grand Prix,2025-03-22,Sprint,S
2025_2025-03-23_Chinese_Grand_Prix_R,2025,2025-03-23 Chinese Grand Prix,2025-03-23,Race,R
2025_2025-04-06_Japanese_Grand_Prix_FP1,2025,2025-04-06 Japanese Grand Prix,2025-04-04,Practice 1,FP1
2025_2025-04-06_Japanese_Grand_Prix_FP2,2025,2025-04-06 Japanese Grand Prix,2025-04-04,Practice 2,FP2
2025_2025-04-06_Japanese_Grand_Prix_FP3,2025,2025-04-06 Japanese Grand Prix,2025-04-05,Practice 3,FP3
2025_2025-04-06_Japanese_Grand_Prix_Q,2025,2025-04-06 Japanese Grand Prix,2025-04-05,Qualifying,Q
2025_2025-04-06_Japanese_Grand_Prix_R,2025,2025-04-06 Japanese Grand Prix,2025-04-06,Race,R
2025_2025-04-13_Bahrain_Grand_Prix_FP1,2025,2025-04-13 Bahrain Grand Prix,2025-04-11,Practice 1,FP1
2025_2025-04-13_Bahrain_Grand_Prix_FP2,2025,2025-04-13 Bahrain Grand Prix,2025-04-11,Practice 2,FP2
2025_2025-04-13_Bahrain_Grand_Prix_FP3,2025,2025-04-13 Bahrain Grand Prix,2025-04-12,Practice 3,FP3
2025_2025-04-13_Bahrain_Grand_Prix_Q,2025,2025-04-13 Bahrain Grand Prix,2025-04-12,Qualifying,Q
2025_2025-04-13_Bahrain_Grand_Prix_R,2025,2025-04-13 Bahrain Grand Prix,2025-04-13,Race,R
2025_2025-04-20_Saudi_Arabian_Grand_Prix_FP1,2025,2025-04-20 Saudi Arabian Grand Prix,2025-04-18,Practice 1,FP1
2025_2025-04-20_Saudi_Arabian_Grand_Prix_FP2,2025,2025-04-20 Saudi Arabian Grand Prix,2025-04-18,Practice 2,FP2
2025_2025-04-20_Saudi_Arabian_Grand_Prix_FP3,2025,2025-04-20 Saudi Arabian Grand Prix,2025-04-19,Practice 3,FP3
2025_2025-04-20_Saudi_Arabian_Grand_Prix_Q,2025,2025-04-20 Saudi Arabian Grand Prix,2025-04-19,Qualifying,Q
2025_2025-04-20_Saudi_Arabian_Grand_Prix_R,2025,2025-04-20 Saudi Arabian Grand Prix,2025-04-20,Race,R
2025_2025-05-04_Miami_Grand_Prix_FP1,2025,2025-05-04 Miami Grand Prix,2025-05-02,Practice 1,FP1
2025_2025-05-04_Miami_Grand_Prix_SQ,2025,2025-05-04 Miami Grand Prix,2025-05-02,Sprint Qualifying,SQ
2025_2025-05-04_Miami_Grand_Prix_Q,2025,2025-05-04 Miami Grand Prix,2025-05-03,Qualifying,Q
2025_2025-05-04_Miami_Grand_Prix_S,2025,2025-05-04 Miami Grand Prix,2025-05-03,Sprint,S
2025_2025-05-04_Miami_Grand_Prix_R,2025,2025-05-04 Miami Grand Prix,2025-05-04,Race,R
2025_2025-05-18_Emilia_Romagna_Grand_Prix_FP1,2025,2025-05-18 Emilia Romagna Grand Prix,2025-05-16,Practice 1,FP1
2025_2025-05-18_Emilia_Romagna_Grand_Prix_FP2,2025,2025-05-18 Emilia Romagna Grand Prix,2025-05-16,Practice 2,FP2
2025_2025-05-18_Emilia_Romagna_Grand_Prix_FP3,2025,2025-05-18 Emilia Romagna Grand Prix,2025-05-17,Practice 3,FP3
2025_2025-05-18_Emilia_Romagna_Grand_Prix_Q,2025,2025-05-18 Emilia Romagna Grand Prix,2025-05-17,Qualifying,Q
2025_2025-05-18_Emilia_Romagna_Grand_Prix_R,2025,2025-05-18 Emilia Romagna Grand Prix,2025-05-18,Race,R
2025_2025-05-25_Monaco_Grand_Prix_FP1,2025,2025-05-25 Monaco Grand Prix,2025-05-23,Practice 1,FP1
2025_2025-05-25_Monaco_Grand_Prix_FP2,2025,2025-05-25 Monaco Grand Prix,2025-05-23,Practice 2,FP2
2025_2025-05-25_Monaco_Grand_Prix_FP3,2025,2025-05-25 Monaco Grand Prix,2025-05-24,Practice 3,FP3
2025_2025-05-25_Monaco_Grand_Prix_Q,2025,2025-05-25 Monaco Grand Prix,2025-05-24,Qualifying,Q
2025_2025-05-25_Monaco_Grand_Prix_R,2025,2025-05-25 Monaco Grand Prix,2025-05-25,Race,R
2025_2025-06-01_Spanish_Grand_Prix_FP1,2025,2025-06-01 Spanish Grand Prix,2025-05-30,Practice 1,FP1
2025_2025-06-01_Spanish_Grand_Prix_FP2,2025,2025-06-01 Spanish Grand Prix,2025-05-30,Practice 2,FP2
2025_2025-06-01_Spanish_Grand_Prix_FP3,2025,2025-06-01 Spanish Grand Prix,2025-05-31,Practice 3,FP3
2025_2025-06-01_Spanish_Grand_Prix_Q,2025,2025-06-01 Spanish Grand Prix,2025-05-31,Qualifying,Q
2025_2025-06-01_Spanish_Grand_Prix_R,2025,2025-06-01 Spanish Grand Prix,2025-06-01,Race,R
2025_2025-06-15_Canadian_Grand_Prix_FP1,2025,2025-06-15 Canadian Grand Prix,2025-06-13,Practice 1,FP1
2025_2025-06-15_Canadian_Grand_Prix_FP2,2025,2025-06-15 Canadian Grand Prix,2025-06-13,Practice 2,FP2
2025_2025-06-15_Canadian_Grand_Prix_FP3,2025,2025-06-15 Canadian Grand Prix,2025-06-14,Practice 3,FP3
2025_2025-06-15_Canadian_Grand_Prix_Q,2025,2025-06-15 Canadian Grand Prix,2025-06-14,Qualifying,Q
2025_2025-06-15_Canadian_Grand_Prix_R,2025,2025-06-15 Canadian Grand Prix,2025-06-15,Race,R
2025_2025-06-29_Austrian_Grand_Prix_FP1,2025,2025-06-29 Austrian Grand Prix,2025-06-27,Practice 1,FP1
2025_2025-06-29_Austrian_Grand_Prix_FP2,2025,2025-06-29 Austrian Grand Prix,2025-06-27,Practice 2,FP2
2025_2025-06-29_Austrian_Grand_Prix_FP3,2025,2025-06-29 Austrian Grand Prix,2025-06-28,Practice 3,FP3
2025_2025-06-29_Austrian_Grand_Prix_Q,2025,2025-06-29 Austrian Grand Prix,2025-06-28,Qualifying,Q
2025_2025-06-29_Austrian_Grand_Prix_R,2025,2025-06-29 Austrian Grand Prix,2025-06-29,Race,R
